folder,tp,fp,tn,fn,precision,recall,f1,mcc_adj,gt_count,aws,num_points,num_final_anoms
24ae8d,6.0,0.08395061728395062,23.782716049382717,0.0,0.9862012987012987,1.0,0.9930527176134042,0.9956642894761119,6,202,12096,50
257a54,3.0,0.0,31.65901639344262,5.0,1.0,0.375,0.5454545454545454,0.7845404034803698,8,152,12096,9
53ea38,6.0,0.2518518518518518,23.614814814814814,0.0,0.9597156398104266,1.0,0.9794437726723096,0.9872341035606351,6,202,12096,134
8c0756,6.0,0.19753086419753085,23.669135802469135,0.0,0.9681274900398407,1.0,0.9838056680161944,0.9899272517096507,6,202,12096,119
c6585a,0.0,0.0,0.0,0.0,0.0,0.0,0.0,0.0,0,0,12096,49
fe7f93,6.0,0.6014760147601476,35.03321033210332,3.0,0.9088876467300168,0.6666666666666666,0.7691579943235572,0.8671953819483691,9,135,12096,369
grok,12.0,0.41496598639455784,69.98639455782312,6.0,0.9665753424657535,0.6666666666666666,0.7890852158353835,0.8829199349096024,18,73,12995,100
